<?xml version="1.0" encoding="UTF-8"?>
<!DOCTYPE hibernate-configuration SYSTEM 
"http://www.hibernate.org/dtd/hibernate-configuration-3.0.dtd">

<hibernate-configuration>
	<session-factory>
		<property name="hibernate.dialect">org.hibernate.dialect.MySQLDialect</property>
		<property name="hibernate.connection.driver_class">com.mysql.jdbc.Driver</property>
		<property name="hibernate.connection.url">jdbc:mysql://localhost/ESERCIZI</property>
		<property name="hibernate.connection.username">root</property>
		<property name="hibernate.connection.password">XXXXXXX</property>
		
		<property name="dialect">org.hibernate.dialect.MySQLDialect</property>
		<property name="current_session_context_class">thread</property>
		<property name="show_sql">true</property>
        <property name="hbm2ddl.auto">create</property>
		
		<!-- List of class mapping -->
		<mapping class="it.model.Autore"/>
		<mapping class="it.model.Libro"/>
</session-factory>
</hibernate-configuration>